month,area,collisions,m3_pred,m6_pred,m3_mape,m6_mape,m3_bias,m6_bias,prophet_pred,arima_pred,prophet_mape,prophet_bias,arima_mape,arima_bias
2018-08-01,1,202,210.33333333333334,202.5,0.0412541254125413,0.0024752475247524753,0.0412541254125413,0.0024752475247524753,215.1351802217267,206.39395065626363,0.06502564466201337,0.06502564466201337,0.021752230971602112,0.021752230971602112
2018-09-01,1,182,206.66666666666666,206.5,0.13553113553113547,0.1346153846153846,0.13553113553113547,0.1346153846153846,191.52200126365,206.68106832999302,0.05231868826181317,0.05231868826181317,0.13561026554941222,0.13561026554941222
2018-10-01,1,201,199.66666666666666,202.16666666666666,0.006633499170812651,0.005804311774460981,-0.006633499170812651,0.005804311774460981,212.3233439603374,205.06389154164245,0.05633504457879309,0.05633504457879309,0.02021836587881815,0.02021836587881815
2018-11-01,1,187,195,202.66666666666666,0.0427807486631016,0.08377896613190726,0.0427807486631016,0.08377896613190726,216.0921355439586,205.3320507017591,0.15557291734737214,0.15557291734737214,0.09803235669389894,0.09803235669389894
2018-12-01,1,197,190,198.33333333333334,0.03553299492385787,0.006768189509306309,-0.03553299492385787,0.006768189509306309,210.11218877105702,204.06464969631162,0.06655933386323361,0.06655933386323361,0.03586116597112497,0.03586116597112497
2019-01-01,1,178,195,197.33333333333334,0.09550561797752809,0.10861423220973788,0.09550561797752809,0.10861423220973788,208.27382475298447,203.88106823367167,0.17007766715159814,0.17007766715159814,0.14539925973972848,0.14539925973972848
2019-02-01,1,195,187.33333333333334,191.16666666666666,0.03931623931623927,0.019658119658119706,-0.03931623931623927,-0.019658119658119706,196.65933840158436,201.13883716040885,0.008509427700432635,0.008509427700432635,0.031481216207224896,0.031481216207224896
2019-03-01,1,192,190,190,0.010416666666666666,0.010416666666666666,-0.010416666666666666,-0.010416666666666666,212.86482954931498,200.81884539447424,0.1086709872360155,0.1086709872360155,0.045931486429553324,0.045931486429553324
2019-04-01,1,211,188.33333333333334,191.66666666666666,0.10742496050552919,0.09162717219589261,-0.10742496050552919,-0.09162717219589261,198.8709648053487,200.07307669857755,0.057483579121570115,-0.057483579121570115,0.05178636635745236,-0.05178636635745236
2019-05-01,1,219,199.33333333333334,193.33333333333334,0.08980213089802126,0.11719939117199386,-0.08980213089802126,-0.11719939117199386,203.2661206768587,202.25982799162972,0.07184419782256306,-0.07184419782256306,0.07643914159073187,-0.07643914159073187
2019-06-01,1,218,207.33333333333334,198.66666666666666,0.04892966360856265,0.08868501529051992,-0.04892966360856265,-0.08868501529051992,212.35263385651655,204.98274039246758,0.025905349282034185,-0.025905349282034185,0.0597122000345524,-0.0597122000345524
2019-07-01,1,242,216,202.16666666666666,0.10743801652892562,0.16460055096418735,-0.10743801652892562,-0.16460055096418735,227.78512045192818,207.05339762982854,0.05873917168624719,-0.05873917168624719,0.14440744781062587,-0.14440744781062587
2018-08-01,10,248,236,233.83333333333334,0.04838709677419355,0.05712365591397846,-0.04838709677419355,-0.05712365591397846,241.1785857651534,235.49275275288358,0.02750570255986532,-0.02750570255986532,0.05043244857708236,-0.05043244857708236
2018-09-01,10,243,244.66666666666666,237.66666666666666,0.006858710562414227,0.02194787379972569,0.006858710562414227,-0.02194787379972569,244.92573489963343,237.76711235504885,0.007924834977915332,0.007924834977915332,0.021534517057412134,-0.021534517057412134
2018-10-01,10,253,237.33333333333334,238.16666666666666,0.06192358366271406,0.05862977602108041,-0.06192358366271406,-0.05862977602108041,259.7199158847098,239.04687457503604,0.02656093235063159,0.02656093235063159,0.05515069337930418,-0.05515069337930418
2018-11-01,10,253,248,242,0.019762845849802372,0.043478260869565216,-0.019762845849802372,-0.043478260869565216,236.70934451841575,241.64030497747825,0.06438994261495752,-0.06438994261495752,0.04489998032617292,-0.04489998032617292
2018-12-01,10,234,249.66666666666666,247.16666666666666,0.06695156695156691,0.056267806267806225,0.06695156695156691,0.056267806267806225,241.74768365280036,243.94221085178802,0.033109759200001546,0.033109759200001546,0.04248808056319666,0.04248808056319666
2019-01-01,10,242,246.66666666666666,242,0.01928374655647379,0,0.01928374655647379,0,233.37423570040926,242.97641118171242,0.035643654130540256,-0.035643654130540256,0.004034756949224883,0.004034756949224883
2019-02-01,10,212,243,245.5,0.14622641509433962,0.1580188679245283,0.14622641509433962,0.1580188679245283,226.4416312394072,243.38389944560078,0.06812090207267547,0.06812090207267547,0.14803726153585273,0.14803726153585273
2019-03-01,10,231,229.33333333333334,239.5,0.007215007215007174,0.0367965367965368,-0.007215007215007174,0.0367965367965368,253.83578107579368,239.53118590621006,0.09885619513330596,0.09885619513330596,0.03693154071952405,0.03693154071952405
2019-04-01,10,213,228.33333333333334,237.5,0.0719874804381847,0.11502347417840375,0.0719874804381847,0.11502347417840375,237.60529122962228,238.86985494427236,0.1155177992001046,0.1155177992001046,0.12145471804822705,0.12145471804822705
2019-05-01,10,222,218.66666666666666,230.83333333333334,0.015015015015015058,0.03978978978978983,-0.015015015015015058,0.03978978978978983,242.17460956409508,235.70802728663736,0.09087661965808594,0.09087661965808594,0.06174787066052865,0.06174787066052865
2019-06-01,10,188,222,225.66666666666666,0.18085106382978725,0.20035460992907797,0.18085106382978725,0.20035460992907797,243.57192577518745,234.0446770227169,0.2955953498680184,0.2955953498680184,0.2449184948016857,0.2449184948016857
2019-07-01,10,204,207.66666666666666,218,0.01797385620915028,0.06862745098039216,0.01797385620915028,0.06862745098039216,240.33806904211144,221.29130875379497,0.1781277894221149,0.1781277894221149,0.08476131742056356,0.08476131742056356
2018-08-01,11,238,205.66666666666666,205.16666666666666,0.13585434173669472,0.13795518207282917,-0.13585434173669472,-0.13795518207282917,227.8522048527591,202.51789286003617,0.042637794736306356,-0.042637794736306356,0.14908448378136063,-0.14908448378136063
2018-09-01,11,175,217.33333333333334,215.5,0.24190476190476196,0.23142857142857143,0.24190476190476196,0.23142857142857143,214.45390260159536,209.95202648706112,0.22545087200911634,0.22545087200911634,0.19972586564034925,0.19972586564034925
2018-10-01,11,225,210.33333333333334,205.33333333333334,0.06518518518518514,0.08740740740740736,-0.06518518518518514,-0.08740740740740736,227.5722330015275,214.72290080454556,0.011432146673455589,0.011432146673455589,0.04567599642424196,-0.04567599642424196
2018-11-01,11,202,212.66666666666666,209.16666666666666,0.05280528052805276,0.03547854785478543,0.05280528052805276,0.03547854785478543,206.13738155336353,204.0429323720026,0.020482086897839234,0.020482086897839234,0.010113526594072329,0.010113526594072329
2018-12-01,11,180,200.66666666666666,209,0.11481481481481476,0.16111111111111112,0.11481481481481476,0.16111111111111112,218.05654154635184,209.7625218401594,0.21142523081306577,0.21142523081306577,0.16534734355644107,0.16534734355644107
2019-01-01,11,189,202.33333333333334,206.33333333333334,0.07054673721340393,0.0917107583774251,0.07054673721340393,0.0917107583774251,195.9186817461462,208.65741303368856,0.0366067817256413,0.0366067817256413,0.10400747636872251,0.10400747636872251
2019-02-01,11,169,190.33333333333334,201.5,0.12623274161735706,0.19230769230769232,0.12623274161735706,0.19230769230769232,197.95021256221764,201.61223410964314,0.17130303291253043,0.17130303291253043,0.192971799465344,0.192971799465344
2019-03-01,11,204,179.33333333333334,190,0.12091503267973852,0.06862745098039216,-0.12091503267973852,-0.06862745098039216,228.45225128952933,197.73633771755118,0.11986397690945749,0.11986397690945749,0.030704226874749118,-0.030704226874749118
2019-04-01,11,191,187.33333333333334,194.83333333333334,0.019197207678883024,0.020069808027923262,-0.019197207678883024,0.020069808027923262,200.0591897711013,190.39498763976906,0.047430312937703153,0.047430312937703153,0.003167603980266723,-0.003167603980266723
2019-05-01,11,166,188,189.16666666666666,0.13253012048192772,0.13955823293172684,0.13253012048192772,0.13955823293172684,222.09804534862297,194.00039832031686,0.33794003222062036,0.33794003222062036,0.1686770983151618,0.1686770983151618
2019-06-01,11,198,187,183.16666666666666,0.05555555555555555,0.07491582491582496,-0.05555555555555555,-0.07491582491582496,202.14340510702294,192.94312977705252,0.02092628841930779,0.02092628841930779,0.025539748600744854,-0.025539748600744854
2019-07-01,11,189,185,186.16666666666666,0.021164021164021163,0.014991181657848374,-0.021164021164021163,-0.014991181657848374,214.02885979227793,185.57582533738127,0.1324278295887721,0.1324278295887721,0.018117326257241932,-0.018117326257241932
2018-08-01,12,326,326.3333333333333,327.3333333333333,0.0010224948875255044,0.004089979550102192,0.0010224948875255044,0.004089979550102192,371.43714145071954,336.7077119375501,0.1393777345114096,0.1393777345114096,0.03284574213972415,0.03284574213972415
2018-09-01,12,301,330,335.1666666666667,0.09634551495016612,0.11351052048726473,0.09634551495016612,0.11351052048726473,356.1405898545586,335.0732237532337,0.1831913284204604,0.1831913284204604,0.11320007891439773,0.11320007891439773
2018-10-01,12,334,327.6666666666667,324.3333333333333,0.018962075848303336,0.02894211576846313,-0.018962075848303336,-0.02894211576846313,363.51357765231666,327.1236533642249,0.08836400494705586,0.08836400494705586,0.02058786417896743,-0.02058786417896743
2018-11-01,12,327,320.3333333333333,323.3333333333333,0.020387359836901178,0.011213047910295674,-0.020387359836901178,-0.011213047910295674,332.06477361607784,330.06054823193034,0.015488604330513283,0.015488604330513283,0.009359474715383304,0.009359474715383304
2018-12-01,12,320,320.6666666666667,325.3333333333333,0.0020833333333333927,0.016666666666666607,0.0020833333333333927,0.016666666666666607,348.6198671335842,330.31558552582555,0.0894370847924506,0.0894370847924506,0.03223620476820486,0.03223620476820486
2019-01-01,12,335,327,327.3333333333333,0.023880597014925373,0.02288557213930354,-0.023880597014925373,-0.02288557213930354,331.2940258127415,328.61993542265304,0.011062609514204493,-0.011062609514204493,0.019044968887602855,-0.019044968887602855
2019-02-01,12,316,327.3333333333333,323.8333333333333,0.03586497890295352,0.02478902953586492,0.03586497890295352,0.02478902953586492,334.86838907213917,331.3645459712941,0.0597100920004404,0.0597100920004404,0.04862198092181675,0.04862198092181675
2019-03-01,12,343,323.6666666666667,322.1666666666667,0.05636540330417876,0.06073858114674436,-0.05636540330417876,-0.06073858114674436,347.10931972100695,328.3333492089923,0.011980523967950305,0.011980523967950305,0.04275991484258812,-0.04275991484258812
2019-04-01,12,298,331.3333333333333,329.1666666666667,0.11185682326621918,0.10458612975391506,0.11185682326621918,0.10458612975391506,339.3170357296361,333.2453027048392,0.13864777090481906,0.13864777090481906,0.11827282786858798,0.11827282786858798
2019-05-01,12,368,319,323.1666666666667,0.1331521739130435,0.12182971014492748,-0.1331521739130435,-0.12182971014492748,349.40358186428443,325.0069014015649,0.050533744934009694,-0.050533744934009694,0.11682907227835625,-0.11682907227835625
2019-06-01,12,320,336.3333333333333,330,0.05104166666666661,0.03125,0.05104166666666661,0.03125,327.5952115192066,330.66896955742925,0.023735035997520627,0.023735035997520627,0.03334052986696641,0.03334052986696641
2019-07-01,12,326,328.6666666666667,330,0.008179959100204557,0.012269938650306749,0.008179959100204557,0.012269938650306749,356.3102277253659,335.8600233589681,0.09297615866676658,0.09297615866676658,0.03024547042628245,0.03024547042628245
2018-08-01,13,290,257.3333333333333,253.33333333333334,0.11264367816091961,0.12643678160919536,-0.11264367816091961,-0.12643678160919536,294.2364310306433,255.48874346953517,0.01460838286428725,0.01460838286428725,0.11900433286367185,-0.11900433286367185
2018-09-01,13,257,261.3333333333333,263.8333333333333,0.016861219195849472,0.02658884565499344,0.016861219195849472,0.02658884565499344,283.9690800519117,271.7555315716328,0.10493805467669924,0.10493805467669924,0.057414519733979714,0.057414519733979714
2018-10-01,13,278,276.6666666666667,260.5,0.0047961630695442965,0.06294964028776978,-0.0047961630695442965,-0.06294964028776978,300.2563370720747,269.39104477263743,0.08005876644631187,0.08005876644631187,0.030967464846627955,-0.030967464846627955
2018-11-01,13,252,275,266.1666666666667,0.09126984126984126,0.05621693121693129,0.09126984126984126,0.05621693121693129,290.49927577553854,272.40848593460646,0.15277490387118467,0.15277490387118467,0.08098605529605739,0.08098605529605739
2018-12-01,13,240,262.3333333333333,261.8333333333333,0.09305555555555547,0.09097222222222215,0.09305555555555547,0.09097222222222215,287.78677929005266,268.7300410779085,0.19911158037521942,0.19911158037521942,0.11970850449128534,0.11970850449128534
2019-01-01,13,220,256.6666666666667,266.6666666666667,0.16666666666666674,0.2121212121212122,0.16666666666666674,0.2121212121212122,278.7868375504505,262.78650281999086,0.26721289795659325,0.26721289795659325,0.19448410372723118,0.19448410372723118
2019-02-01,13,221,237.33333333333334,256.1666666666667,0.0739064856711916,0.15912518853695332,0.0739064856711916,0.15912518853695332,265.4992193312228,252.2406708640327,0.20135393362544243,0.20135393362544243,0.14136050164720676,0.14136050164720676
2019-03-01,13,282,227,244.66666666666666,0.1950354609929078,0.132387706855792,-0.1950354609929078,-0.132387706855792,275.8159753517325,238.63717771725706,0.02192916541938828,-0.02192916541938828,0.15376887334306008,-0.15376887334306008
2019-04-01,13,250,241,248.83333333333334,0.036,0.004666666666666629,-0.036,-0.004666666666666629,274.46271312159547,255.43113976482076,0.09785085248638188,0.09785085248638188,0.021724559059283024,0.021724559059283024
2019-05-01,13,247,251,244.16666666666666,0.016194331983805668,0.01147098515519572,0.016194331983805668,-0.01147098515519572,270.244334452338,254.87736835510526,0.09410661721594342,0.09410661721594342,0.03189217957532495,0.03189217957532495
2019-06-01,13,244,259.6666666666667,243.33333333333334,0.064207650273224115,0.002732240437158431,0.064207650273224115,-0.002732240437158431,269.66053795581445,253.68497184422165,0.10516613916317397,0.10516613916317397,0.03969250755828545,0.03969250755828545
2019-07-01,13,302,247,244,0.18211920529801323,0.19205298013245034,-0.18211920529801323,-0.19205298013245034,274.8019839826942,251.99444190858011,0.09005965568644306,-0.09005965568644306,0.16558131818350955,-0.16558131818350955
2018-08-01,14,303,273.6666666666667,261,0.09680968096809675,0.13861386138613863,-0.09680968096809675,-0.13861386138613863,267.6885600990454,265.7468251361792,0.11653940561371158,-0.11653940561371158,0.12294777182779139,-0.12294777182779139
2018-09-01,14,233,293.6666666666667,270.8333333333333,0.26037195994277545,0.16237482117310437,0.26037195994277545,0.16237482117310437,253.84511054182727,275.7075909961194,0.08946399374174793,0.08946399374174793,0.18329438195759395,0.18329438195759395
2018-10-01,14,271,276.3333333333333,270.8333333333333,0.01968019680196795,6.150061500615706e-4,0.01968019680196795,-6.150061500615706e-4,268.96573739674227,267.5816112032608,0.007506504071061734,-0.007506504071061734,0.01261398079977557,-0.01261398079977557
2018-11-01,14,245,269,271.3333333333333,0.09795918367346938,0.10748299319727883,0.09795918367346938,0.10748299319727883,249.4487569129552,253.60921198500387,0.018158191481449756,0.018158191481449756,0.03513964075511782,0.03513964075511782
2018-12-01,14,253,249.66666666666666,271.6666666666667,0.013175230566534952,0.07378129117259559,-0.013175230566534952,0.07378129117259559,253.94430183983104,260.21160636556556,0.003732418339253128,0.003732418339253128,0.02850437298642513,0.02850437298642513
2019-01-01,14,231,256.3333333333333,266.3333333333333,0.10966810966810958,0.15295815295815288,0.10966810966810958,0.15295815295815288,240.20176682276139,253.42867812526546,0.03983448841022245,0.03983448841022245,0.0970938446981189,0.0970938446981189
2019-02-01,14,202,243,256,0.20297029702970298,0.26732673267326734,0.20297029702970298,0.26732673267326734,248.6536760084219,251.48293428267732,0.23095879212090056,0.23095879212090056,0.24496502120137287,0.24496502120137287
2019-03-01,14,223,228.66666666666666,239.16666666666666,0.025411061285500705,0.07249626307922268,0.025411061285500705,0.07249626307922268,272.2639205928842,237.4325517831486,0.22091444212055683,0.22091444212055683,0.06471996315313272,0.06471996315313272
2019-04-01,14,232,218.66666666666666,237.5,0.05747126436781613,0.023706896551724137,-0.05747126436781613,0.023706896551724137,269.32085647389573,229.30885654349262,0.16086576066334365,0.16086576066334365,0.011599756278049034,-0.011599756278049034
2019-05-01,14,218,219,231,0.0045871559633027525,0.05963302752293578,0.0045871559633027525,0.05963302752293578,256.42256497833847,236.01677034274894,0.1762502980657728,0.1762502980657728,0.08264573551719698,0.08264573551719698
2019-06-01,14,249,224.33333333333334,226.5,0.09906291834002673,0.09036144578313253,-0.09906291834002673,-0.09036144578313253,255.49570714920935,231.82748490694235,0.026087177306061655,0.026087177306061655,0.06896592406850463,-0.06896592406850463
2019-07-01,14,297,233,225.83333333333334,0.21548821548821548,0.23961840628507292,-0.21548821548821548,-0.23961840628507292,283.8652211511393,236.1943114854831,0.044224844608958654,-0.044224844608958654,0.20473295796133636,-0.20473295796133636
2018-08-01,15,229,239.33333333333334,240.66666666666666,0.04512372634643381,0.050946142649199375,0.04512372634643381,0.050946142649199375,260.3360009092551,240.34460359585833,0.13683843191814463,0.13683843191814463,0.0495397536937045,0.0495397536937045
2018-09-01,15,230,231.66666666666666,240,0.007246376811594161,0.043478260869565216,0.007246376811594161,0.043478260869565216,250.05585387306567,238.428440014247,0.08719936466550292,0.08719936466550292,0.036645391366291316,0.036645391366291316
2018-10-01,15,271,234,237.33333333333334,0.13653136531365315,0.12423124231242309,-0.13653136531365315,-0.12423124231242309,266.38052084743646,236.98177771985456,0.017046048533444807,-0.017046048533444807,0.12552849549869166,-0.12552849549869166
2018-11-01,15,250,243.33333333333334,241.33333333333334,0.02666666666666663,0.03466666666666663,-0.02666666666666663,-0.03466666666666663,254.9488340380795,242.673555941755,0.019795336152317985,0.019795336152317985,0.02930577623297995,-0.02930577623297995
2018-12-01,15,234,250.33333333333334,241,0.06980056980056984,0.029914529914529916,0.06980056980056984,0.029914529914529916,245.16529193701595,243.87913468080922,0.047714922807760476,0.047714922807760476,0.04221852427696246,0.04221852427696246
2019-01-01,15,238,251.66666666666666,242.83333333333334,0.05742296918767503,0.02030812324929976,0.05742296918767503,0.02030812324929976,237.41357628821441,242.2546669195691,0.002463965175569685,-0.002463965175569685,0.017876751762895392,0.017876751762895392
2019-02-01,15,227,240.66666666666666,242,0.06020558002936854,0.06607929515418502,0.06020558002936854,0.06607929515418502,237.0595711193944,241.56137789162105,0.04431529127486522,0.04431529127486522,0.06414703917013678,0.06414703917013678
2019-03-01,15,237,233,241.66666666666666,0.016877637130801686,0.01969057665260193,-0.016877637130801686,0.01969057665260193,268.444126954813,239.18977252740768,0.13267564115954847,0.13267564115954847,0.009239546529146343,0.009239546529146343
2019-04-01,15,264,234,242.83333333333334,0.11363636363636363,0.08017676767676764,-0.11363636363636363,-0.08017676767676764,237.7521715328623,238.83115276604897,0.09942359267855193,-0.09942359267855193,0.0953365425528448,-0.0953365425528448
2019-05-01,15,208,242.66666666666666,241.66666666666666,0.16666666666666663,0.1618589743589743,0.16666666666666663,0.1618589743589743,252.67372173514977,242.9063539613293,0.2147775083420662,0.2147775083420662,0.16781900942946779,0.16781900942946779
2019-06-01,15,229,236.33333333333334,234.66666666666666,0.032023289665211105,0.02474526928675396,0.032023289665211105,0.02474526928675396,246.2577150251396,237.3491356287629,0.0753612009831423,0.0753612009831423,0.03645910754918295,0.03645910754918295
2019-07-01,15,223,233.66666666666666,233.83333333333334,0.04783258594917784,0.04857997010463382,0.04783258594917784,0.04857997010463382,248.14872221200056,235.99467942830552,0.1127745390672671,0.1127745390672671,0.05827210505966599,0.05827210505966599
2018-08-01,16,181,178.33333333333334,171,0.014732965009208052,0.055248618784530384,-0.014732965009208052,-0.055248618784530384,179.82147473013114,165.62663264449395,0.006511189336292026,-0.006511189336292026,0.08493573124588977,-0.08493573124588977
2018-09-01,16,167,184.33333333333334,173.33333333333334,0.10379241516966073,0.037924151696606845,0.10379241516966073,0.037924151696606845,177.51085952992298,167.34743945398282,0.0629392786222933,0.0629392786222933,0.002080475772352188,0.002080475772352188
2018-10-01,16,170,174.66666666666666,171.5,0.027450980392156807,0.008823529411764706,0.027450980392156807,0.008823529411764706,193.44081576096414,168.66745089172153,0.13788715153508319,0.13788715153508319,0.007838524166343947,-0.007838524166343947
2018-11-01,16,153,172.66666666666666,175.5,0.1285403050108932,0.14705882352941177,0.1285403050108932,0.14705882352941177,172.18412324837075,169.8517335216421,0.12538642645993955,0.12538642645993955,0.11014204916105949,0.11014204916105949
2018-12-01,16,167,163.33333333333334,173.83333333333334,0.02195608782435124,0.040918163672654745,-0.02195608782435124,0.040918163672654745,184.8144600808805,170.61364833784666,0.10667341365796712,0.10667341365796712,0.021638612801476977,0.021638612801476977
2019-01-01,16,148,163.33333333333334,169,0.10360360360360367,0.14189189189189189,0.10360360360360367,0.14189189189189189,169.71765358305112,170.93784287632238,0.14674090258818323,0.14674090258818323,0.15498542484001607,0.15498542484001607
2019-02-01,16,150,156,164.33333333333334,0.04,0.09555555555555562,0.04,0.09555555555555562,171.93524219944115,168.1816187092288,0.14623494799627432,0.14623494799627432,0.12121079139485857,0.12121079139485857
2019-03-01,16,164,155,159.16666666666666,0.054878048780487805,0.02947154471544721,-0.054878048780487805,-0.02947154471544721,177.59764232044682,162.4096680839069,0.08291245317345625,0.08291245317345625,0.009697145829836013,-0.009697145829836013
2019-04-01,16,151,154,158.66666666666666,0.019867549668874173,0.05077262693156727,0.019867549668874173,0.05077262693156727,177.05086693379792,162.69590984816057,0.17252229757482065,0.17252229757482065,0.07745635661033488,0.07745635661033488
2019-05-01,16,165,155,155.5,0.06060606060606061,0.05757575757575758,-0.06060606060606061,-0.05757575757575758,172.62974427601827,160.6097601666597,0.04624087440011074,0.04624087440011074,0.02660751414145638,-0.02660751414145638
2019-06-01,16,150,160,157.5,0.06666666666666667,0.05,0.06666666666666667,0.05,172.10363879693716,161.40256408194807,0.14735759197958107,0.14735759197958107,0.07601709387965382,0.07601709387965382
2019-07-01,16,149,155.33333333333334,154.66666666666666,0.04250559284116338,0.03803131991051448,0.04250559284116338,0.03803131991051448,173.88834296133453,159.37418838832943,0.16703585880090288,0.16703585880090288,0.06962542542502972,0.06962542542502972
2018-08-01,17,265,210.66666666666666,229.16666666666666,0.20503144654088054,0.13522012578616355,-0.20503144654088054,-0.13522012578616355,261.0962914478118,232.39728601825476,0.014730975668634794,-0.014730975668634794,0.12302910936507637,-0.12302910936507637
2018-09-01,17,235,230.33333333333334,233.5,0.019858156028368754,0.006382978723404255,-0.019858156028368754,-0.006382978723404255,266.23594427402514,246.60536909002872,0.13291891180436233,0.13291891180436233,0.04938454931927114,0.04938454931927114
2018-10-01,17,233,239.33333333333334,231.33333333333334,0.027181688125894176,0.007153075822603679,0.027181688125894176,-0.007153075822603679,269.19516454678393,225.5035520043929,0.15534405384885805,0.15534405384885805,0.03217359654766995,-0.03217359654766995
2018-11-01,17,258,244.33333333333334,227.5,0.05297157622739014,0.1182170542635659,-0.05297157622739014,-0.1182170542635659,263.70289504542444,235.14243377525696,0.022104244362110236,0.022104244362110236,0.08859521792536061,-0.08859521792536061
2018-12-01,17,248,242,236.16666666666666,0.024193548387096774,0.0477150537634409,-0.024193548387096774,-0.0477150537634409,267.4360680256577,245.22784656730386,0.07837124203894225,0.07837124203894225,0.011178038035065094,-0.011178038035065094
2019-01-01,17,216,246.33333333333334,242.83333333333334,0.14043209876543214,0.12422839506172843,0.14043209876543214,0.12422839506172843,237.5167223821436,237.55130781311962,0.09961445547288703,0.09961445547288703,0.09977457320888714,0.09977457320888714
2019-02-01,17,240,240.66666666666666,242.5,0.0027777777777777384,0.010416666666666666,0.0027777777777777384,0.010416666666666666,242.7030847835385,229.7018337569172,0.011262853264743692,0.011262853264743692,0.04290902601284496,-0.04290902601284496
2019-03-01,17,218,234.66666666666666,238.33333333333334,0.07645259938837916,0.09327217125382267,0.07645259938837916,0.09327217125382267,266.19619683462093,244.89443523486366,0.22108347171844464,0.22108347171844464,0.12336896896726451,0.12336896896726451
2019-04-01,17,193,224.66666666666666,235.5,0.1640759930915371,0.22020725388601037,0.1640759930915371,0.22020725388601037,252.01869423513978,228.6838148535617,0.30579634318725274,0.30579634318725274,0.18489023240187408,0.18489023240187408
2019-05-01,17,231,217,228.83333333333334,0.06060606060606061,0.009379509379509338,-0.06060606060606061,-0.009379509379509338,247.62426476725457,221.54645430575704,0.07196651414395919,0.07196651414395919,0.04092444023481802,-0.04092444023481802
2019-06-01,17,220,214,224.33333333333334,0.02727272727272727,0.01969696969696974,-0.02727272727272727,0.01969696969696974,227.8504479941318,236.98323483257622,0.0356838545187809,0.0356838545187809,0.07719652196625552,0.07719652196625552
2019-07-01,17,233,214.66666666666666,219.66666666666666,0.07868383404864096,0.0572246065808298,-0.07868383404864096,-0.0572246065808298,229.8559911331072,222.53503375058028,0.013493600287093519,-0.013493600287093519,0.04491401823785286,-0.04491401823785286
2018-08-01,18,220,223.33333333333334,214.5,0.015151515151515195,0.025,0.015151515151515195,-0.025,225.91408234405176,218.90605627851932,0.02688219247296256,0.02688219247296256,0.004972471461275838,-0.004972471461275838
2018-09-01,18,237,227.66666666666666,220.66666666666666,0.039381153305203975,0.06891701828410693,-0.039381153305203975,-0.06891701828410693,229.84695564764112,220.30012080810343,0.030181621739910867,-0.030181621739910867,0.070463625282264,-0.070463625282264
2018-10-01,18,239,230.66666666666666,226.16666666666666,0.03486750348675039,0.05369595536959558,-0.03486750348675039,-0.05369595536959558,231.26591748687252,229.21869914853897,0.03236017787919446,-0.03236017787919446,0.04092594498519258,-0.04092594498519258
2018-11-01,18,237,232,227.66666666666666,0.02109704641350211,0.039381153305203975,-0.02109704641350211,-0.039381153305203975,223.93186922788678,228.83415830001454,0.05513979228739756,-0.05513979228739756,0.03445502826998086,-0.03445502826998086
2018-12-01,18,203,237.66666666666666,232.66666666666666,0.1707717569786535,0.1461412151067323,0.1707717569786535,0.1461412151067323,238.70724827036008,232.71603260114887,0.17589777473083784,0.17589777473083784,0.14638439704999442,0.14638439704999442
2019-01-01,18,204,226.33333333333334,228.5,0.10947712418300658,0.12009803921568628,0.10947712418300658,0.12009803921568628,226.6456402050513,228.66016533407037,0.11100804022083974,0.11100804022083974,0.12088316340230573,0.12088316340230573
2019-02-01,18,193,214.66666666666666,223.33333333333334,0.11226252158894641,0.1571675302245251,0.11226252158894641,0.1571675302245251,224.78545828130444,223.2717935232277,0.16469149368551525,0.16469149368551525,0.15684867110480674,0.15684867110480674
2019-03-01,18,259,200,218.83333333333334,0.2277992277992278,0.15508365508365504,-0.2277992277992278,-0.15508365508365504,248.60572530103326,217.39412274321762,0.04013233474504533,-0.04013233474504533,0.1606404527288895,-0.1606404527288895
2019-04-01,18,230,218.66666666666666,222.5,0.049275362318840624,0.03260869565217391,-0.049275362318840624,-0.03260869565217391,243.7494744524693,227.11363850204935,0.0597803237063882,0.0597803237063882,0.012549397817176717,-0.012549397817176717
2019-05-01,18,274,227.33333333333334,221,0.17031630170316298,0.19343065693430658,-0.17031630170316298,-0.19343065693430658,242.3787720356026,228.5187472269398,0.11540594147590294,-0.11540594147590294,0.16598997362430726,-0.16598997362430726
2019-06-01,18,220,254.33333333333334,227.16666666666666,0.1560606060606061,0.032575757575757536,0.1560606060606061,0.032575757575757536,234.03095244752262,238.3404267592702,0.06377705657964829,0.06377705657964829,0.08336557617850092,0.08336557617850092
2019-07-01,18,212,241.33333333333334,230,0.1383647798742139,0.08490566037735849,0.1383647798742139,0.08490566037735849,247.38786685889204,235.5240192732112,0.16692390027779264,0.16692390027779264,0.11096235506231696,0.11096235506231696
2018-08-01,19,217,214,209.33333333333334,0.013824884792626729,0.035330261136712705,-0.013824884792626729,-0.035330261136712705,242.73951122184454,215.4801657122121,0.11861525908684119,0.11861525908684119,0.007003844644183812,-0.007003844644183812
2018-09-01,19,231,215.33333333333334,214,0.06782106782106778,0.0735930735930736,-0.06782106782106778,-0.0735930735930736,227.4493777068879,216.38603304448984,0.015370659277541552,-0.015370659277541552,0.06326392621432972,-0.06326392621432972
2018-10-01,19,197,219,217,0.1116751269035533,0.10152284263959391,0.1116751269035533,0.10152284263959391,237.48105437884337,219.98630523269367,0.20548758567940795,0.20548758567940795,0.11668175245022167,0.11668175245022167
2018-11-01,19,191,215,214.5,0.1256544502617801,0.12303664921465969,0.1256544502617801,0.12303664921465969,216.8402624086292,215.92200329591273,0.13528933198235182,0.13528933198235182,0.13048169264875775,0.13048169264875775
2018-12-01,19,191,206.33333333333334,210.83333333333334,0.0802792321116929,0.10383944153577666,0.0802792321116929,0.10383944153577666,224.47736614701307,207.8636642081171,0.17527416830896897,0.17527416830896897,0.08829143564459208,0.08829143564459208
2019-01-01,19,215,193,206,0.10232558139534884,0.04186046511627907,-0.10232558139534884,-0.04186046511627907,200.6196523521032,203.88224136221675,0.0668853378971944,-0.0668853378971944,0.05171050529201514,-0.05171050529201514
2019-02-01,19,187,199,207,0.06417112299465241,0.10695187165775401,0.06417112299465241,0.10695187165775401,211.3354784720474,206.52081404811676,0.13013624851362252,0.13013624851362252,0.10438937993645327,0.10438937993645327
2019-03-01,19,225,197.66666666666666,202,0.12148148148148152,0.10222222222222223,-0.12148148148148152,-0.10222222222222223,209.82871357006698,201.98389685361695,0.06742793968859119,-0.06742793968859119,0.10229379176170242,-0.10229379176170242
2019-04-01,19,195,209,201,0.07179487179487179,0.03076923076923077,0.07179487179487179,0.03076923076923077,213.90925037730818,207.29981564837595,0.09697051475542658,0.09697051475542658,0.06307597768397925,0.06307597768397925
2019-05-01,19,231,202.33333333333334,200.66666666666666,0.12409812409812405,0.13131313131313135,-0.12409812409812405,-0.13131313131313135,226.72833710242597,208.96888111755666,0.01849204717564516,-0.01849204717564516,0.09537280901490622,-0.09537280901490622
2019-06-01,19,209,217,207.33333333333334,0.03827751196172249,0.00797448165869214,0.03827751196172249,-0.00797448165869214,221.25448142414933,204.05608633184778,0.05863388241219777,0.05863388241219777,0.02365508932130249,-0.02365508932130249
2019-07-01,19,180,211.66666666666666,210.33333333333334,0.17592592592592587,0.16851851851851857,0.17592592592592587,0.16851851851851857,214.42613553527642,216.06052725008334,0.1912563085293134,0.1912563085293134,0.200336262500463,0.200336262500463
2018-08-01,2,178,174,183.66666666666666,0.02247191011235955,0.03183520599250931,-0.02247191011235955,0.03183520599250931,209.72021715897654,186.18910797088324,0.17820346718526145,0.17820346718526145,0.046006224555523834,0.046006224555523834
2018-09-01,2,206,180.66666666666666,180.33333333333334,0.1229773462783172,0.12459546925566338,-0.1229773462783172,-0.12459546925566338,203.71222473232208,184.90540996018146,0.011105705182902501,-0.011105705182902501,0.10240092252339097,-0.10240092252339097
2018-10-01,2,176,187.66666666666666,180.16666666666666,0.06628787878787873,0.023674242424242372,0.06628787878787873,0.023674242424242372,209.70501009786761,189.79921657037355,0.19150573919242964,0.19150573919242964,0.07840463960439514,0.07840463960439514
2018-11-01,2,188,186.66666666666666,180.33333333333334,0.007092198581560334,0.04078014184397158,-0.007092198581560334,-0.04078014184397158,194.71885231482318,187.75008523954574,0.0357385761426765,0.0357385761426765,0.0013293338322035106,-0.0013293338322035106
2018-12-01,2,189,190,185.33333333333334,0.005291005291005291,0.019400352733686017,0.005291005291005291,-0.019400352733686017,202.31430293649456,188.33403101176813,0.07044604728303998,0.07044604728303998,0.0035236454403802507,-0.0035236454403802507
2019-01-01,2,147,184.33333333333334,186,0.253968253968254,0.2653061224489796,0.253968253968254,0.2653061224489796,189.64900437220862,188.99689224261098,0.29012928144359607,0.29012928144359607,0.28569314450755773,0.28569314450755773
2019-02-01,2,191,174.66666666666666,180.66666666666666,0.08551483420593373,0.05410122164048871,-0.08551483420593373,-0.05410122164048871,192.86584279186144,177.1720438242246,0.009768810428593924,0.009768810428593924,0.0723976763129602,-0.0723976763129602
2019-03-01,2,204,175.66666666666666,182.83333333333334,0.13888888888888892,0.10375816993464047,-0.13888888888888892,-0.10375816993464047,200.715727988442,183.82730054905684,0.016099372605676412,-0.016099372605676412,0.09888578162227038,-0.09888578162227038
2019-04-01,2,171,180.66666666666666,182.5,0.05653021442495121,0.06725146198830409,0.05653021442495121,0.06725146198830409,190.28442223261848,188.19505698407278,0.11277439902116071,0.11277439902116071,0.10055588879574724,0.10055588879574724
2019-05-01,2,202,188.66666666666666,181.66666666666666,0.06600660066006606,0.10066006600660071,-0.06600660066006606,-0.10066006600660071,184.93586065953227,185.58463754763727,0.08447593732904818,-0.08447593732904818,0.08126417055625113,-0.08126417055625113
2019-06-01,2,167,192.33333333333334,184,0.1516966067864272,0.10179640718562874,0.1516966067864272,0.10179640718562874,187.66202442583258,189.05624915034915,0.12372469716067415,0.12372469716067415,0.1320733482056835,0.1320733482056835
2019-07-01,2,192,180,180.33333333333334,0.0625,0.06076388888888884,-0.0625,-0.06076388888888884,186.59930128500656,185.6695057314263,0.028128639140590828,-0.028128639140590828,0.03297132431548796,-0.03297132431548796
2018-08-01,20,253,246.33333333333334,242.16666666666666,0.02635046113306979,0.04281949934123851,-0.02635046113306979,-0.04281949934123851,270.85366950461383,254.98724769288697,0.07056786365460013,0.07056786365460013,0.007854733963980108,0.007854733963980108
2018-09-01,20,232,251.66666666666666,245.5,0.0847701149425287,0.05818965517241379,0.0847701149425287,0.05818965517241379,267.458008303907,255.49044367108115,0.15283624268925422,0.15283624268925422,0.10125191237534979,0.10125191237534979
2018-10-01,20,297,244.33333333333334,246.33333333333334,0.17732884399551063,0.1705948372615039,-0.17732884399551063,-0.1705948372615039,275.39674015617567,254.82851140886268,0.07273824863240516,-0.07273824863240516,0.14199154407790343,-0.14199154407790343
2018-11-01,20,215,260.6666666666667,253.5,0.2124031007751939,0.17906976744186046,0.2124031007751939,0.17906976744186046,262.2490994274516,254.05897301914797,0.21976325315093767,0.21976325315093767,0.18166964194952545,0.18166964194952545
2018-12-01,20,258,248,249.83333333333334,0.03875968992248062,0.031653746770025804,-0.03875968992248062,-0.031653746770025804,262.41114825646514,248.0287961961159,0.017097473862267985,0.017097473862267985,0.038648076759240674,-0.038648076759240674
2019-01-01,20,218,256.6666666666667,250.5,0.17737003058103984,0.14908256880733944,0.17737003058103984,0.14908256880733944,257.2515182627321,249.50923766091944,0.18005283606757833,0.18005283606757833,0.14453778743541026,0.14453778743541026
2019-02-01,20,212,230.33333333333334,245.5,0.0864779874213837,0.1580188679245283,0.0864779874213837,0.1580188679245283,247.43443821563457,244.85220355136346,0.16714357648884232,0.16714357648884232,0.15496322429888423,0.15496322429888423
2019-03-01,20,257,229.33333333333334,238.66666666666666,0.10765239948119322,0.07133592736705581,-0.10765239948119322,-0.07133592736705581,245.72333919576462,249.2158439725621,0.0438780576040287,-0.0438780576040287,0.03028854485384392,-0.03028854485384392
2019-04-01,20,246,229,242.83333333333334,0.06910569105691057,0.012872628726287224,-0.06910569105691057,-0.012872628726287224,249.1468451223872,251.15477038456228,0.012792053343037362,0.012792053343037362,0.02095435115675725,0.02095435115675725
2019-05-01,20,238,238.33333333333334,234.33333333333334,0.0014005602240896758,0.015406162464985955,0.0014005602240896758,-0.015406162464985955,263.2305131979216,250.874700642627,0.10601055965513276,0.10601055965513276,0.05409538085137397,0.05409538085137397
2019-06-01,20,226,247,238.16666666666666,0.09292035398230089,0.05383480825958698,0.09292035398230089,0.05383480825958698,235.6159904508449,249.47276252001686,0.04254863031347297,0.04254863031347297,0.1038617810620215,0.1038617810620215
2019-07-01,20,221,236.66666666666666,232.83333333333334,0.07088989441930614,0.053544494720965355,0.07088989441930614,0.053544494720965355,256.8828510625614,246.39404794692481,0.1623658419120424,0.1623658419120424,0.11490519432997653,0.11490519432997653
2018-08-01,21,190,196.66666666666666,190.33333333333334,0.035087719298245564,0.0017543859649123306,0.035087719298245564,0.0017543859649123306,215.6716275831195,198.07536177046057,0.1351138293848394,0.1351138293848394,0.042501904055055655,0.042501904055055655
2018-09-01,21,235,199.33333333333334,192.66666666666666,0.15177304964539004,0.18014184397163124,-0.15177304964539004,-0.18014184397163124,211.6560398874246,196.39525560535597,0.0993360004790442,-0.0993360004790442,0.16427550806231503,-0.16427550806231503
2018-10-01,21,220,217,202.16666666666666,0.013636363636363636,0.0810606060606061,-0.013636363636363636,-0.0810606060606061,224.7505904335091,204.33615220101495,0.021593592879586832,0.021593592879586832,0.07119930817720475,-0.07119930817720475
2018-11-01,21,195,215,205.83333333333334,0.10256410256410256,0.0555555555555556,0.10256410256410256,0.0555555555555556,214.2291301814722,207.77596930318026,0.09861092400754967,0.09861092400754967,0.06551779129836031,0.06551779129836031
2018-12-01,21,191,216.66666666666666,208,0.13438045375218144,0.08900523560209424,0.13438045375218144,0.08900523560209424,237.42630638173756,204.97109485782454,0.24306966692009194,0.24306966692009194,0.07314709349646356,0.07314709349646356
2019-01-01,21,179,202,209.5,0.12849162011173185,0.17039106145251395,0.12849162011173185,0.17039106145251395,203.3938716280817,202.10006476069626,0.13627861244738387,0.13627861244738387,0.12905064112120812,0.12905064112120812
2019-02-01,21,188,188.33333333333334,201.66666666666666,0.0017730496453901214,0.07269503546099286,0.0017730496453901214,0.07269503546099286,198.0361179862346,197.43878240823761,0.05338360630975844,0.05338360630975844,0.050206289405519224,0.050206289405519224
2019-03-01,21,192,186,201.33333333333334,0.03125,0.04861111111111116,-0.03125,0.04861111111111116,208.86405155643433,195.48337541377248,0.08783360185642881,0.08783360185642881,0.01814258028006499,0.01814258028006499
2019-04-01,21,205,186.33333333333334,194.16666666666666,0.09105691056910564,0.0528455284552846,-0.09105691056910564,-0.0528455284552846,196.3137837013635,194.75279150023394,0.042371786822617115,-0.042371786822617115,0.0499863829256881,-0.0499863829256881
2019-05-01,21,187,195,191.66666666666666,0.0427807486631016,0.02495543672014255,0.0427807486631016,0.02495543672014255,208.903743485178,196.87243819335947,0.11713231810255621,0.11713231810255621,0.05279378713026455,0.05279378713026455
2019-06-01,21,191,194.66666666666666,190.33333333333334,0.019197207678883024,0.0034904013961605087,0.019197207678883024,-0.0034904013961605087,198.08782109580264,194.86312478367824,0.03710901097278868,0.03710901097278868,0.020225784207739503,0.020225784207739503
2019-07-01,21,225,194.33333333333334,190.33333333333334,0.13629629629629625,0.15407407407407403,-0.13629629629629625,-0.15407407407407403,215.51623243179228,194.06891792040742,0.04215007808092322,-0.04215007808092322,0.13747147590930037,-0.13747147590930037
2018-08-01,3,311,261,273.5,0.1607717041800643,0.12057877813504823,-0.1607717041800643,-0.12057877813504823,301.97976162141157,271.1724587648462,0.02900398192472164,-0.02900398192472164,0.1280628335535491,-0.1280628335535491
2018-09-01,3,267,282,276.5,0.056179775280898875,0.035580524344569285,0.056179775280898875,0.035580524344569285,293.1359733575785,281.82316949689863,0.09788754066508804,0.09788754066508804,0.055517488752429324,0.055517488752429324
2018-10-01,3,347,285,272.1666666666667,0.1786743515850144,0.2156580211335254,-0.1786743515850144,-0.2156580211335254,316.5663660660816,277.89510784999476,0.08770499692771866,-0.08770499692771866,0.19914954510087965,-0.19914954510087965
2018-11-01,3,289,308.3333333333333,284.6666666666667,0.06689734717416372,0.014994232987312506,0.06689734717416372,-0.014994232987312506,299.1463450981421,296.11693815462,0.03510846054720447,0.03510846054720447,0.024626083580000055,0.024626083580000055
2018-12-01,3,245,301,291.5,0.22857142857142856,0.18979591836734694,0.22857142857142856,0.18979591836734694,308.3543037678578,294.08350302770384,0.25858899497084814,0.25858899497084814,0.20034082868450548,0.20034082868450548
2019-01-01,3,289,293.6666666666667,289.3333333333333,0.01614763552479822,0.0011534025374855168,0.01614763552479822,0.0011534025374855168,288.98304801015826,281.51473608572843,5.8657404296689955e-5,-5.8657404296689955e-5,0.025900567177410277,-0.025900567177410277
2019-02-01,3,273,274.3333333333333,291.3333333333333,0.004884004884004815,0.06715506715506708,0.004884004884004815,0.06715506715506708,290.6530343505044,283.35932931892506,0.06466312948902715,0.06466312948902715,0.037946261241483745,0.037946261241483745
2019-03-01,3,309,269,285,0.12944983818770225,0.07766990291262135,-0.12944983818770225,-0.07766990291262135,310.1251707980877,280.81364054228413,0.0036413294436495425,0.0036413294436495425,0.09121799177254326,-0.09121799177254326
2019-04-01,3,261,290.3333333333333,292,0.11238825031928473,0.11877394636015326,0.11238825031928473,0.11877394636015326,301.05984568669385,287.702894653948,0.1534859987995933,0.1534859987995933,0.10230994120286599,0.10230994120286599
2019-05-01,3,252,281,277.6666666666667,0.11507936507936507,0.10185185185185193,0.11507936507936507,0.10185185185185193,297.57435087900956,281.2271987424288,0.1808505987262284,0.1808505987262284,0.11598094739059052,0.11598094739059052
2019-06-01,3,232,274,271.5,0.1810344827586207,0.17025862068965517,0.1810344827586207,0.17025862068965517,276.9153854202712,274.10677143406906,0.19360079922530693,0.19360079922530693,0.18149470445719423,0.18149470445719423
2019-07-01,3,245,248.33333333333334,269.3333333333333,0.013605442176870788,0.09931972789115638,0.013605442176870788,0.09931972789115638,291.2722299841643,263.1842189228036,0.18886624483332373,0.18886624483332373,0.07422130172572902,0.07422130172572902
2018-08-01,4,169,171.66666666666666,171.83333333333334,0.01577909270216957,0.01676528599605528,0.01577909270216957,0.01676528599605528,198.3405662717181,181.14577106540406,0.17361281817584676,0.17361281817584676,0.07186846784262758,0.07186846784262758
2018-09-01,4,171,174.33333333333334,173,0.019493177387914284,0.011695906432748537,0.019493177387914284,0.011695906432748537,183.41413458268877,179.7264737379063,0.07259727826133786,0.07259727826133786,0.05103201016319476,0.05103201016319476
2018-10-01,4,188,178.33333333333334,171.5,0.051418439716312006,0.08776595744680851,-0.051418439716312006,-0.08776595744680851,195.67345191965018,178.76522090213027,0.04081623361516051,0.04081623361516051,0.04912116541420071,-0.04912116541420071
2018-11-01,4,185,176,173.83333333333334,0.04864864864864865,0.060360360360360306,-0.04864864864864865,-0.060360360360360306,182.54376311268263,180.81816518909275,0.01327695614766148,-0.01327695614766148,0.022604512491390526,-0.022604512491390526
2018-12-01,4,176,181.33333333333334,177.83333333333334,0.030303030303030356,0.01041666666666672,0.030303030303030356,0.01041666666666672,200.650960952318,181.98969448981927,0.14006227813817046,0.14006227813817046,0.034032355055791316,0.034032355055791316
2019-01-01,4,167,183,180.66666666666666,0.09580838323353294,0.08183632734530932,0.09580838323353294,0.08183632734530932,187.32937603855072,181.6090805293174,0.12173279065000431,0.12173279065000431,0.08747952412764907,0.08747952412764907
2019-02-01,4,162,176,176,0.08641975308641975,0.08641975308641975,0.08641975308641975,0.08641975308641975,175.05753543571075,179.84607341525694,0.08060207059080708,0.08060207059080708,0.11016094700775889,0.11016094700775889
2019-03-01,4,181,168.33333333333334,174.83333333333334,0.06998158379373844,0.034069981583793686,-0.06998158379373844,-0.034069981583793686,191.07373845367943,177.35969181854514,0.05565601355623992,0.05565601355623992,0.02011219989754064,-0.02011219989754064
2019-04-01,4,161,170,176.5,0.055900621118012424,0.09627329192546584,0.055900621118012424,0.09627329192546584,184.2352036865919,178.4624764632833,0.14431803532044651,0.14431803532044651,0.10846258672846776,0.10846258672846776
2019-05-01,4,156,168,172,0.07692307692307693,0.10256410256410256,0.07692307692307693,0.10256410256410256,186.8306860341275,175.94344511623257,0.19763260278286857,0.19763260278286857,0.1278425968989267,0.1278425968989267
2019-06-01,4,145,166,167.16666666666666,0.14482758620689656,0.15287356321839074,0.14482758620689656,0.15287356321839074,180.03958438337511,168.89654425813444,0.24165230609224217,0.24165230609224217,0.16480375350437546,0.16480375350437546
2019-07-01,4,172,154,162,0.10465116279069768,0.05813953488372093,-0.10465116279069768,-0.05813953488372093,185.6991387681848,163.81631323006062,0.07964615562898145,0.07964615562898145,0.04757957424383363,-0.04757957424383363
2018-08-01,5,187,161,171,0.13903743315508021,0.0855614973262032,-0.13903743315508021,-0.0855614973262032,184.5455239115815,168.64614342760763,0.013125540579778012,-0.013125540579778012,0.0981489656277667,-0.0981489656277667
2018-09-01,5,157,165.33333333333334,170.16666666666666,0.0530785562632697,0.08386411889596597,0.0530785562632697,0.08386411889596597,180.34089934935577,171.63643986903472,0.14866814872201126,0.14866814872201126,0.09322573164990265,0.09322573164990265
2018-10-01,5,188,169.33333333333334,164,0.09929078014184392,0.1276595744680851,-0.09929078014184392,-0.1276595744680851,191.37707672345584,169.88282542189006,0.01796317406093534,0.01796317406093534,0.09636794988356351,-0.09636794988356351
2018-11-01,5,160,177.33333333333334,169.16666666666666,0.10833333333333339,0.05729166666666661,0.10833333333333339,0.05729166666666661,169.98851504395222,172.24908662791975,0.06242821902470137,0.06242821902470137,0.07655679142449845,0.07655679142449845
2018-12-01,5,160,168.33333333333334,166.83333333333334,0.05208333333333339,0.04270833333333339,0.05208333333333339,0.04270833333333339,174.53514973411097,170.33822005927536,0.09084468583819358,0.09084468583819358,0.06461387537047099,0.06461387537047099
2019-01-01,5,174,169.33333333333334,169.33333333333334,0.026819923371647455,0.026819923371647455,-0.026819923371647455,-0.026819923371647455,170.26066062198058,168.73525328978056,0.021490456195513926,-0.021490456195513926,0.030257165001261157,-0.030257165001261157
2019-02-01,5,165,164.66666666666666,171,0.0020202020202020774,0.03636363636363636,-0.0020202020202020774,0.03636363636363636,165.48017391830402,169.55628322009323,0.002910144959418293,0.002910144959418293,0.027613837697534758,0.027613837697534758
2019-03-01,5,193,166.33333333333334,167.33333333333334,0.13816925734024174,0.13298791018998268,-0.13816925734024174,-0.13298791018998268,191.3554306247529,171.83389465730028,0.008521084845839905,-0.008521084845839905,0.10966893959948043,-0.10966893959948043
2019-04-01,5,163,177.33333333333334,173.33333333333334,0.08793456032719842,0.06339468302658492,0.08793456032719842,0.06339468302658492,171.85672341792892,172.53488194270486,0.05433572649036147,0.05433572649036147,0.05849620823745311,0.05849620823745311
2019-05-01,5,173,173.66666666666666,169.16666666666666,0.003853564547206111,0.02215799614643551,0.003853564547206111,-0.02215799614643551,177.2540881790522,171.08025169037933,0.02459010508122653,0.02459010508122653,0.011096811038269783,-0.011096811038269783
2019-06-01,5,145,176.33333333333334,171.33333333333334,0.21609195402298856,0.18160919540229892,0.21609195402298856,0.18160919540229892,177.2418655025823,171.36794050479773,0.22235769312125725,0.22235769312125725,0.18184786555032917,0.18184786555032917
2019-07-01,5,191,160.33333333333334,168.83333333333334,0.16055846422338563,0.11605584642233852,-0.16055846422338563,-0.11605584642233852,172.67411352092154,167.45254752115915,0.09594704962868306,-0.09594704962868306,0.12328509151225578,-0.12328509151225578
2018-08-01,6,239,203,207.66666666666666,0.1506276150627615,0.13110181311018135,-0.1506276150627615,-0.13110181311018135,243.09892323093777,214.43498129094343,0.01715030640559737,0.01715030640559737,0.10278250505881412,-0.10278250505881412
2018-09-01,6,206,219,214.5,0.06310679611650485,0.0412621359223301,0.06310679611650485,0.0412621359223301,217.18235789091838,218.57494507930394,0.05428329073261351,0.05428329073261351,0.06104342271506769,0.06104342271506769
2018-10-01,6,271,220,208.5,0.1881918819188192,0.23062730627306274,-0.1881918819188192,-0.23062730627306274,244.62070092033977,216.61457533489258,0.09734058700981633,-0.09734058700981633,0.20068422385648496,-0.20068422385648496
2018-11-01,6,225,238.66666666666666,220.83333333333334,0.0607407407407407,0.018518518518518476,0.0607407407407407,-0.018518518518518476,212.16982856350023,224.6891599005071,0.057022984162221194,-0.057022984162221194,0.001381511553301809,-0.001381511553301809
2018-12-01,6,220,234,226.5,0.06363636363636363,0.029545454545454545,0.06363636363636363,0.029545454545454545,218.13515192011914,224.73394130536204,0.008476582181276626,-0.008476582181276626,0.021517915024372898,0.021517915024372898
2019-01-01,6,205,238.66666666666666,229.33333333333334,0.16422764227642273,0.11869918699186996,0.16422764227642273,0.11869918699186996,231.92334864289685,224.03104420725776,0.131333408014131,0.131333408014131,0.09283436198662325,0.09283436198662325
2019-02-01,6,213,216.66666666666666,227.66666666666666,0.017214397496087594,0.0688575899843505,0.017214397496087594,0.0688575899843505,229.1267310956796,221.30564685373125,0.075712352561876,0.075712352561876,0.03899364720061618,0.03899364720061618
2019-03-01,6,259,212.66666666666666,223.33333333333334,0.17889317889317893,0.13770913770913767,-0.17889317889317893,-0.13770913770913767,233.94873904751424,220.13291026802779,0.09672301526056279,-0.09672301526056279,0.15006598352112824,-0.15006598352112824
2019-04-01,6,204,225.66666666666666,232.16666666666666,0.10620915032679734,0.13807189542483655,0.10620915032679734,0.13807189542483655,223.432135774578,225.55028122750147,0.09525556752244117,0.09525556752244117,0.10563863346814446,0.10563863346814446
2019-05-01,6,227,225.33333333333334,221,0.007342143906020516,0.02643171806167401,-0.007342143906020516,-0.02643171806167401,222.3116004020212,222.54108101464863,0.02065374272237351,-0.02065374272237351,0.019642814913442178,-0.019642814913442178
2019-06-01,6,225,230,221.33333333333334,0.022222222222222223,0.016296296296296253,0.022222222222222223,-0.016296296296296253,242.3949564134258,223.1438012303333,0.07731091739300357,0.07731091739300357,0.008249772309629736,-0.008249772309629736
2019-07-01,6,234,218.66666666666666,222.16666666666666,0.06552706552706557,0.05056980056980061,-0.06552706552706557,-0.05056980056980061,230.5460659851496,223.39487453470113,0.014760401772864975,-0.014760401772864975,0.04532104899700371,-0.04532104899700371
2018-08-01,7,263,265,266.5,0.0076045627376425855,0.013307984790874524,0.0076045627376425855,0.013307984790874524,286.9693919044728,273.5590892669869,0.0911383722603528,0.0911383722603528,0.040148628391585235,0.040148628391585235
2018-09-01,7,283,269.3333333333333,267.6666666666667,0.048292108362779806,0.05418138987043574,-0.048292108362779806,-0.05418138987043574,278.89479985526793,272.5245357873901,0.014506007578558537,-0.014506007578558537,0.03701577460286181,-0.03701577460286181
2018-10-01,7,264,270,268.8333333333333,0.022727272727272728,0.018308080808080735,0.022727272727272728,0.018308080808080735,297.1930254504649,274.9090826923917,0.1257311570093368,0.1257311570093368,0.04132228292572605,0.04132228292572605
2018-11-01,7,278,270,267.5,0.02877697841726619,0.03776978417266187,-0.02877697841726619,-0.03776978417266187,274.5992565361276,273.88071570595235,0.012232890157814397,-0.012232890157814397,0.014817569403049085,-0.014817569403049085
2018-12-01,7,278,275,272.1666666666667,0.01079136690647482,0.020983213429256527,-0.01079136690647482,-0.020983213429256527,278.9321961606688,275.213478545,0.0033532235995280906,0.0033532235995280906,0.01002345847122307,-0.01002345847122307
2019-01-01,7,242,273.3333333333333,271.6666666666667,0.1294765840220385,0.12258953168044084,0.1294765840220385,0.12258953168044084,282.47140696505903,276.32922886259774,0.1672372188638803,0.1672372188638803,0.14185631761404027,0.14185631761404027
2019-02-01,7,238,266,268,0.11764705882352941,0.12605042016806722,0.11764705882352941,0.12605042016806722,264.99639999453115,271.58748481836335,0.11343025207786196,0.11343025207786196,0.14112388579144264,0.14112388579144264
2019-03-01,7,314,252.66666666666666,263.8333333333333,0.1953290870488323,0.15976645435244166,-0.1953290870488323,-0.15976645435244166,283.5936746035224,266.1106720405219,0.09683543119897324,-0.09683543119897324,0.15251378331043988,-0.15251378331043988
2019-04-01,7,252,264.6666666666667,269,0.05026455026455034,0.06746031746031746,0.05026455026455034,0.06746031746031746,271.4891874025882,275.14703710180436,0.07733804524836582,0.07733804524836582,0.09185332183255697,0.09185332183255697
2019-05-01,7,253,268,267,0.05928853754940711,0.05533596837944664,0.05928853754940711,0.05533596837944664,275.416732029711,272.3609235854266,0.08860368391190118,0.08860368391190118,0.07652538966571769,0.07652538966571769
2019-06-01,7,257,273,262.8333333333333,0.0622568093385214,0.022697795071335854,0.0622568093385214,0.022697795071335854,284.83955649299793,269.89639288139745,0.10832512254084797,0.10832512254084797,0.05018051704823909,0.05018051704823909
2019-07-01,7,294,254,259.3333333333333,0.1360544217687075,0.11791383219954656,-0.1360544217687075,-0.11791383219954656,274.7300425710647,268.31269041763585,0.06554407288753503,-0.06554407288753503,0.08737180130055834,-0.08737180130055834
2018-08-01,8,249,229,224.83333333333334,0.08032128514056225,0.09705488621151268,-0.08032128514056225,-0.09705488621151268,246.38809951778424,228.4066423624018,0.010489560169541202,-0.010489560169541202,0.08270424754055497,-0.08270424754055497
2018-09-01,8,219,238,231.66666666666666,0.0867579908675799,0.05783866057838656,0.0867579908675799,0.05783866057838656,237.71574033488946,230.8835566492766,0.08546000152917561,0.08546000152917561,0.05426281575012152,0.05426281575012152
2018-10-01,8,275,235,226.66666666666666,0.14545454545454545,0.17575757575757578,-0.14545454545454545,-0.17575757575757578,257.7762732931361,229.5174236018832,0.06263173347950504,-0.06263173347950504,0.16539118690224291,-0.16539118690224291
2018-11-01,8,229,247.66666666666666,238.33333333333334,0.08151382823871903,0.040756914119359576,0.08151382823871903,0.040756914119359576,236.9062867067342,234.5623438393756,0.03452526946172137,0.03452526946172137,0.02428971108897636,0.02428971108897636
2018-12-01,8,228,241,239.5,0.05701754385964912,0.05043859649122807,0.05701754385964912,0.05043859649122807,230.52502373206053,233.9409707756592,0.011074665491493562,0.011074665491493562,0.026056889366926298,0.026056889366926298
2019-01-01,8,230,244,239.5,0.06086956521739131,0.041304347826086954,0.06086956521739131,0.041304347826086954,220.00460290164932,233.2965717422199,0.04345824825369861,-0.04345824825369861,0.014332920618347376,0.014332920618347376
2019-02-01,8,206,229,238.33333333333334,0.11165048543689321,0.15695792880258905,0.11165048543689321,0.15695792880258905,228.09128391104576,232.94402036614994,0.10723924228662993,0.10723924228662993,0.1307962153696599,0.1307962153696599
2019-03-01,8,205,221.33333333333334,231.16666666666666,0.07967479674796753,0.12764227642276418,0.07967479674796753,0.12764227642276418,230.46168691828868,230.09761027516427,0.12420335082092038,0.12420335082092038,0.12242736719592327,0.12242736719592327
2019-04-01,8,214,213.66666666666666,228.83333333333334,0.0015576323987539383,0.06931464174454834,-0.0015576323987539383,0.06931464174454834,217.84703068591608,227.2823655958813,0.017976778906149914,0.017976778906149914,0.0620671289527163,0.0620671289527163
2019-05-01,8,212,208.33333333333334,218.66666666666666,0.017295597484276684,0.0314465408805031,-0.017295597484276684,0.0314465408805031,231.17710612338672,225.63396862536283,0.09045804775182416,0.09045804775182416,0.06431117276114541,0.06431117276114541
2019-06-01,8,228,210.33333333333334,215.83333333333334,0.07748538011695902,0.05336257309941516,-0.07748538011695902,-0.05336257309941516,231.7198003309445,223.8231814334304,0.016314913732212756,0.016314913732212756,0.018319379677936877,-0.018319379677936877
2019-07-01,8,228,218,215.83333333333334,0.043859649122807015,0.05336257309941516,-0.043859649122807015,-0.05336257309941516,230.70113565970024,224.39470105795502,0.011847086226755447,0.011847086226755447,0.015812714658092027,-0.015812714658092027
2018-08-01,9,242,232.33333333333334,226.33333333333334,0.03994490358126718,0.06473829201101924,-0.03994490358126718,-0.06473829201101924,262.4167487445638,226.0085938731392,0.08436673034943715,0.08436673034943715,0.0660801906068628,-0.0660801906068628
2018-09-01,9,229,232.66666666666666,229.83333333333334,0.01601164483260549,0.003639010189228571,0.01601164483260549,0.003639010189228571,249.58696527482903,230.64010062514416,0.0898994116804761,0.0898994116804761,0.0071620114635116035,0.0071620114635116035
2018-10-01,9,299,238.66666666666666,229.66666666666666,0.20178372352285398,0.23188405797101452,-0.20178372352285398,-0.23188405797101452,266.6005758866721,233.02398569864687,0.10835927797099626,-0.10835927797099626,0.2206555662252613,-0.2206555662252613
2018-11-01,9,253,256.6666666666667,244.5,0.01449275362318848,0.03359683794466403,0.01449275362318848,-0.03359683794466403,243.85367854609365,233.30811879519862,0.03615146819725831,-0.03615146819725831,0.07783352254862204,-0.07783352254862204
2018-12-01,9,216,260.3333333333333,246.5,0.20524691358024683,0.1412037037037037,0.20524691358024683,0.1412037037037037,258.78895748758,258.0902512388167,0.19809702540546287,0.19809702540546287,0.19486227425378091,0.19486227425378091
2019-01-01,9,234,256,247.33333333333334,0.09401709401709402,0.05698005698005702,0.09401709401709402,0.05698005698005702,236.040587243115,243.65505906974283,0.008720458303910252,0.008720458303910252,0.04126093619548219,0.04126093619548219
2019-02-01,9,244,234.33333333333334,245.5,0.039617486338797775,0.006147540983606557,-0.039617486338797775,0.006147540983606557,230.75381963583004,242.81793190441323,0.054287624443319506,-0.054287624443319506,0.004844541375355621,-0.004844541375355621
2019-03-01,9,230,231.33333333333334,245.83333333333334,0.005797101449275403,0.06884057971014497,0.005797101449275403,0.06884057971014497,260.29143437774536,243.49824688725045,0.13170188859889287,0.13170188859889287,0.058688029944567156,0.058688029944567156
2019-04-01,9,214,236,246,0.102803738317757,0.14953271028037382,0.102803738317757,0.14953271028037382,248.71145368639216,242.09224973734868,0.16220305460930917,0.16220305460930917,0.13127219503433962,0.13127219503433962
2019-05-01,9,209,229.33333333333334,231.83333333333334,0.0972886762360447,0.10925039872408299,0.0972886762360447,0.10925039872408299,242.7816276298966,237.22217272897274,0.16163458196122776,0.16163458196122776,0.13503431927738152,0.13503431927738152
2019-06-01,9,217,217.66666666666666,224.5,0.0030721966205836736,0.03456221198156682,0.0030721966205836736,0.03456221198156682,247.8264571046338,230.18821286503103,0.1420574060121373,0.1420574060121373,0.06077517449323057,0.06077517449323057
2019-07-01,9,243,213.33333333333334,224.66666666666666,0.1220850480109739,0.07544581618655696,-0.1220850480109739,-0.07544581618655696,241.94229173891668,227.88835022802425,0.0043527088933469965,-0.0043527088933469965,0.06218785914393312,-0.06218785914393312
